<?xml version="1.0" encoding="utf-8" ?>
<dwsync>
<file name="ajax_mbr_srch.php" server="ftp.rdghq.com" local="128655637800000000" remote="128655637800000000" />
<file name="ajax_sr_req.php" server="ftp.rdghq.com" local="128655637800000000" remote="128655637800000000" />
<file name="chatbox.php" server="ftp.rdghq.com" local="128661574800000000" remote="128661574800000000" />
<file name="codeofconduct.txt" server="ftp.rdghq.com" local="128658372600000000" remote="128658372600000000" />
<file name="config.php" server="ftp.rdghq.com" local="128659190400000000" remote="128659190400000000" />
<file name="dbcreating.php" server="ftp.rdghq.com" local="128654951400000000" remote="128654951400000000" />
<file name="dellist.php" server="ftp.rdghq.com" local="128433780000000000" remote="128433780000000000" />
<file name="e107_ajax_mbr_srch.php" server="ftp.rdghq.com" local="128655637800000000" remote="128655637800000000" />
<file name="editsquadv2.php" server="ftp.rdghq.com" local="128489076000000000" remote="128489076000000000" />
<file name="homepage.php" server="ftp.rdghq.com" local="128656303800000000" remote="128656303800000000" />
<file name="homepage_chatbox.php" server="ftp.rdghq.com" local="128656308000000000" remote="128656308000000000" />
<file name="iframe.php" server="ftp.rdghq.com" local="128654956800000000" remote="128654956800000000" />
<file name="index.php" server="ftp.rdghq.com" local="128657620800000000" remote="128657620800000000" />
<file name="login.php" server="ftp.rdghq.com" local="128654955600000000" remote="128654955600000000" />
<file name="logout.php" server="ftp.rdghq.com" local="128654955600000000" remote="128654955600000000" />
<file name="nav.css" server="ftp.rdghq.com" local="128469204000000000" remote="128469204000000000" />
<file name="php_errorlog" server="ftp.rdghq.com" local="128668422600000000" remote="128668422600000000" />
<file name="profile.php" server="ftp.rdghq.com" local="128442420000000000" remote="128442420000000000" />
<file name="rType.php" server="ftp.rdghq.com" local="128322324000000000" remote="128322324000000000" />
<file name="ranklist.html" server="ftp.rdghq.com" local="128286900000000000" remote="128286900000000000" />
<file name="register.php" server="ftp.rdghq.com" local="128403540000000000" remote="128403540000000000" />
<file name="rssfeed.html" server="ftp.rdghq.com" local="128669310600000000" remote="128669310600000000" />
<file name="securitycheck.php" server="ftp.rdghq.com" local="128286900000000000" remote="128286900000000000" />
<file name="settings.php" server="ftp.rdghq.com" local="128659200000000000" remote="128659200000000000" />
<file name="style.css" server="ftp.rdghq.com" local="128489940000000000" remote="128489940000000000" />
<file name="templatev3.php" server="ftp.rdghq.com" local="128667814800000000" remote="128667814800000000" />
<file name="viewall.php" server="ftp.rdghq.com" local="128655630000000000" remote="128655630000000000" />
<file name="ajax_mbr_srch.php" server="ftp.lhrnetwork.com//public_html/LHRNETWORK.COM/" local="128655637800000000" remote="128669323800000000" />
<file name="ajax_sr_req.php" server="ftp.lhrnetwork.com//public_html/LHRNETWORK.COM/" local="128655637800000000" remote="128669323800000000" />
<file name="chatbox.php" server="ftp.lhrnetwork.com//public_html/LHRNETWORK.COM/" local="128661574800000000" remote="128669323800000000" />
<file name="codeofconduct.txt" server="ftp.lhrnetwork.com//public_html/LHRNETWORK.COM/" local="128658372600000000" remote="128669323800000000" />
<file name="config.php" server="ftp.lhrnetwork.com//public_html/LHRNETWORK.COM/" local="128659190400000000" remote="128669323800000000" />
<file name="dbcreating.php" server="ftp.lhrnetwork.com//public_html/LHRNETWORK.COM/" local="128654951400000000" remote="128669323800000000" />
<file name="dellist.php" server="ftp.lhrnetwork.com//public_html/LHRNETWORK.COM/" local="128433780000000000" remote="128669323800000000" />
<file name="e107_ajax_mbr_srch.php" server="ftp.lhrnetwork.com//public_html/LHRNETWORK.COM/" local="128655637800000000" remote="128669323800000000" />
<file name="editsquadv2.php" server="ftp.lhrnetwork.com//public_html/LHRNETWORK.COM/" local="128489076000000000" remote="128669323800000000" />
<file name="homepage.php" server="ftp.lhrnetwork.com//public_html/LHRNETWORK.COM/" local="128656303800000000" remote="128669323800000000" />
<file name="homepage_chatbox.php" server="ftp.lhrnetwork.com//public_html/LHRNETWORK.COM/" local="128656308000000000" remote="128669323800000000" />
<file name="iframe.php" server="ftp.lhrnetwork.com//public_html/LHRNETWORK.COM/" local="128654956800000000" remote="128669323800000000" />
<file name="index.php" server="ftp.lhrnetwork.com//public_html/LHRNETWORK.COM/" local="128657620800000000" remote="128669324400000000" />
<file name="login.php" server="ftp.lhrnetwork.com//public_html/LHRNETWORK.COM/" local="128654955600000000" remote="128669324400000000" />
<file name="logout.php" server="ftp.lhrnetwork.com//public_html/LHRNETWORK.COM/" local="128654955600000000" remote="128669324400000000" />
<file name="nav.css" server="ftp.lhrnetwork.com//public_html/LHRNETWORK.COM/" local="128469204000000000" remote="128669324400000000" />
<file name="php_errorlog" server="ftp.lhrnetwork.com//public_html/LHRNETWORK.COM/" local="128668422600000000" remote="128669324400000000" />
<file name="profile.php" server="ftp.lhrnetwork.com//public_html/LHRNETWORK.COM/" local="128442420000000000" remote="128669324400000000" />
<file name="ranklist.html" server="ftp.lhrnetwork.com//public_html/LHRNETWORK.COM/" local="128286900000000000" remote="128669324400000000" />
<file name="register.php" server="ftp.lhrnetwork.com//public_html/LHRNETWORK.COM/" local="128403540000000000" remote="128669324400000000" />
<file name="rssfeed.html" server="ftp.lhrnetwork.com//public_html/LHRNETWORK.COM/" local="128669310600000000" remote="128669324400000000" />
<file name="rType.php" server="ftp.lhrnetwork.com//public_html/LHRNETWORK.COM/" local="128322324000000000" remote="128669324400000000" />
<file name="securitycheck.php" server="ftp.lhrnetwork.com//public_html/LHRNETWORK.COM/" local="128286900000000000" remote="128669324400000000" />
<file name="settings.php" server="ftp.lhrnetwork.com//public_html/LHRNETWORK.COM/" local="128659200000000000" remote="128669324400000000" />
<file name="style.css" server="ftp.lhrnetwork.com//public_html/LHRNETWORK.COM/" local="128489940000000000" remote="128669324400000000" />
<file name="templatev3.php" server="ftp.lhrnetwork.com//public_html/LHRNETWORK.COM/" local="128667814800000000" remote="128669324400000000" />
<file name="viewall.php" server="ftp.lhrnetwork.com//public_html/LHRNETWORK.COM/" local="128655630000000000" remote="128669324400000000" />
</dwsync>