<?xml version="1.0" encoding="utf-8" ?>
<dwsync>
<file name="GamerCard.class.php" server="ftp.rdghq.com" local="128429460000000000" remote="128429460000000000" />
<file name="Snoopy.class.php" server="ftp.rdghq.com" local="128429460000000000" remote="128429460000000000" />
<file name="display.php" server="ftp.rdghq.com" local="128660082600000000" remote="128660082600000000" />
<file name="display_config.php" server="ftp.rdghq.com" local="128336148000000000" remote="128336148000000000" />
<file name="fetch.php" server="ftp.rdghq.com" local="128390580000000000" remote="128390580000000000" />
<file name="functions.php" server="ftp.rdghq.com" local="128661574800000000" remote="128661574800000000" />
<file name="rssclass.inc.php" server="ftp.rdghq.com" local="128286900000000000" remote="128286900000000000" />
<file name="rssfunction.php" server="ftp.rdghq.com" local="128425140000000000" remote="128425140000000000" />
<file name="searchx.js" server="ftp.rdghq.com" local="128423412000000000" remote="128423412000000000" />
<file name="display.php" server="ftp.lhrnetwork.com//public_html/LHRNETWORK.COM/" local="128660082600000000" remote="128669323800000000" />
<file name="display_config.php" server="ftp.lhrnetwork.com//public_html/LHRNETWORK.COM/" local="128336148000000000" remote="128669323800000000" />
<file name="fetch.php" server="ftp.lhrnetwork.com//public_html/LHRNETWORK.COM/" local="128390580000000000" remote="128669323800000000" />
<file name="functions.php" server="ftp.lhrnetwork.com//public_html/LHRNETWORK.COM/" local="128661574800000000" remote="128669323800000000" />
<file name="GamerCard.class.php" server="ftp.lhrnetwork.com//public_html/LHRNETWORK.COM/" local="128429460000000000" remote="128669323800000000" />
<file name="rssclass.inc.php" server="ftp.lhrnetwork.com//public_html/LHRNETWORK.COM/" local="128286900000000000" remote="128669323800000000" />
<file name="rssfunction.php" server="ftp.lhrnetwork.com//public_html/LHRNETWORK.COM/" local="128425140000000000" remote="128669323800000000" />
<file name="searchx.js" server="ftp.lhrnetwork.com//public_html/LHRNETWORK.COM/" local="128423412000000000" remote="128669323800000000" />
<file name="Snoopy.class.php" server="ftp.lhrnetwork.com//public_html/LHRNETWORK.COM/" local="128429460000000000" remote="128669323800000000" />
</dwsync>