<?xml version="1.0" encoding="utf-8" ?>
<dwsync>
<file name="adddivision.gif" server="ftp.rdghq.com" local="128667813000000000" remote="128667813000000000" />
<file name="addsquad.gif" server="ftp.rdghq.com" local="128667813000000000" remote="128667813000000000" />
<file name="admin.gif" server="ftp.rdghq.com" local="128667813000000000" remote="128667813000000000" />
<file name="blacklist.gif" server="ftp.rdghq.com" local="128667813000000000" remote="128667813000000000" />
<file name="codes.gif" server="ftp.rdghq.com" local="128667813000000000" remote="128667813000000000" />
<file name="deldivision.gif" server="ftp.rdghq.com" local="128667813000000000" remote="128667813000000000" />
<file name="delsquad.gif" server="ftp.rdghq.com" local="128667813000000000" remote="128667813000000000" />
<file name="dt.gif" server="ftp.rdghq.com" local="128667813000000000" remote="128667813000000000" />
<file name="h2bglist.gif" server="ftp.rdghq.com" local="128410452000000000" remote="128410452000000000" />
<file name="leaderslist.gif" server="ftp.rdghq.com" local="128667813000000000" remote="128667813000000000" />
<file name="logout.gif" server="ftp.rdghq.com" local="128667813000000000" remote="128667813000000000" />
<file name="myclans.gif" server="ftp.rdghq.com" local="128667813000000000" remote="128667813000000000" />
<file name="mylogs.gif" server="ftp.rdghq.com" local="128667813000000000" remote="128667813000000000" />
<file name="permissions.gif" server="ftp.rdghq.com" local="128667813000000000" remote="128667813000000000" />
<file name="profile.gif" server="ftp.rdghq.com" local="128667813000000000" remote="128667813000000000" />
<file name="requestlist.gif" server="ftp.rdghq.com" local="128667813000000000" remote="128667813000000000" />
<file name="settings.gif" server="ftp.rdghq.com" local="128667813000000000" remote="128667813000000000" />
<file name="adddivision.gif" server="ftp.lhrnetwork.com//public_html/LHRNETWORK.COM/" local="128667813000000000" remote="128669323800000000" />
<file name="addsquad.gif" server="ftp.lhrnetwork.com//public_html/LHRNETWORK.COM/" local="128667813000000000" remote="128669323800000000" />
<file name="admin.gif" server="ftp.lhrnetwork.com//public_html/LHRNETWORK.COM/" local="128667813000000000" remote="128669324400000000" />
<file name="blacklist.gif" server="ftp.lhrnetwork.com//public_html/LHRNETWORK.COM/" local="128667813000000000" remote="128669324400000000" />
<file name="codes.gif" server="ftp.lhrnetwork.com//public_html/LHRNETWORK.COM/" local="128667813000000000" remote="128669324400000000" />
<file name="deldivision.gif" server="ftp.lhrnetwork.com//public_html/LHRNETWORK.COM/" local="128667813000000000" remote="128669324400000000" />
<file name="delsquad.gif" server="ftp.lhrnetwork.com//public_html/LHRNETWORK.COM/" local="128667813000000000" remote="128669324400000000" />
<file name="dt.gif" server="ftp.lhrnetwork.com//public_html/LHRNETWORK.COM/" local="128667813000000000" remote="128669324400000000" />
<file name="h2bglist.gif" server="ftp.lhrnetwork.com//public_html/LHRNETWORK.COM/" local="128410452000000000" remote="128669324400000000" />
<file name="leaderslist.gif" server="ftp.lhrnetwork.com//public_html/LHRNETWORK.COM/" local="128667813000000000" remote="128669324400000000" />
<file name="logout.gif" server="ftp.lhrnetwork.com//public_html/LHRNETWORK.COM/" local="128667813000000000" remote="128669324400000000" />
<file name="myclans.gif" server="ftp.lhrnetwork.com//public_html/LHRNETWORK.COM/" local="128667813000000000" remote="128669324400000000" />
<file name="mylogs.gif" server="ftp.lhrnetwork.com//public_html/LHRNETWORK.COM/" local="128667813000000000" remote="128669324400000000" />
<file name="permissions.gif" server="ftp.lhrnetwork.com//public_html/LHRNETWORK.COM/" local="128667813000000000" remote="128669324400000000" />
<file name="profile.gif" server="ftp.lhrnetwork.com//public_html/LHRNETWORK.COM/" local="128667813000000000" remote="128669324400000000" />
<file name="requestlist.gif" server="ftp.lhrnetwork.com//public_html/LHRNETWORK.COM/" local="128667813000000000" remote="128669324400000000" />
<file name="settings.gif" server="ftp.lhrnetwork.com//public_html/LHRNETWORK.COM/" local="128667813000000000" remote="128669324400000000" />
</dwsync>