<?xml version="1.0" encoding="utf-8" ?>
<dwsync>
<file name="rep0.png" server="ftp.rdghq.com" local="128290356000000000" remote="128290356000000000" />
<file name="rep1.png" server="ftp.rdghq.com" local="128290356000000000" remote="128290356000000000" />
<file name="rep10.png" server="ftp.rdghq.com" local="128290356000000000" remote="128290356000000000" />
<file name="rep11.png" server="ftp.rdghq.com" local="128290356000000000" remote="128290356000000000" />
<file name="rep12.png" server="ftp.rdghq.com" local="128290356000000000" remote="128290356000000000" />
<file name="rep13.png" server="ftp.rdghq.com" local="128290356000000000" remote="128290356000000000" />
<file name="rep14.png" server="ftp.rdghq.com" local="128290356000000000" remote="128290356000000000" />
<file name="rep15.png" server="ftp.rdghq.com" local="128290356000000000" remote="128290356000000000" />
<file name="rep16.png" server="ftp.rdghq.com" local="128290356000000000" remote="128290356000000000" />
<file name="rep17.png" server="ftp.rdghq.com" local="128290356000000000" remote="128290356000000000" />
<file name="rep18.png" server="ftp.rdghq.com" local="128290356000000000" remote="128290356000000000" />
<file name="rep19.png" server="ftp.rdghq.com" local="128290356000000000" remote="128290356000000000" />
<file name="rep2.png" server="ftp.rdghq.com" local="128290356000000000" remote="128290356000000000" />
<file name="rep20.png" server="ftp.rdghq.com" local="128290356000000000" remote="128290356000000000" />
<file name="rep3.png" server="ftp.rdghq.com" local="128290356000000000" remote="128290356000000000" />
<file name="rep4.png" server="ftp.rdghq.com" local="128290356000000000" remote="128290356000000000" />
<file name="rep5.png" server="ftp.rdghq.com" local="128290356000000000" remote="128290356000000000" />
<file name="rep6.png" server="ftp.rdghq.com" local="128290356000000000" remote="128290356000000000" />
<file name="rep7.png" server="ftp.rdghq.com" local="128290356000000000" remote="128290356000000000" />
<file name="rep8.png" server="ftp.rdghq.com" local="128290356000000000" remote="128290356000000000" />
<file name="rep9.png" server="ftp.rdghq.com" local="128290356000000000" remote="128290356000000000" />
<file name="rep0.png" server="ftp.lhrnetwork.com//public_html/LHRNETWORK.COM/" local="128290356000000000" remote="128669323800000000" />
<file name="rep1.png" server="ftp.lhrnetwork.com//public_html/LHRNETWORK.COM/" local="128290356000000000" remote="128669323800000000" />
<file name="rep10.png" server="ftp.lhrnetwork.com//public_html/LHRNETWORK.COM/" local="128290356000000000" remote="128669323800000000" />
<file name="rep11.png" server="ftp.lhrnetwork.com//public_html/LHRNETWORK.COM/" local="128290356000000000" remote="128669323800000000" />
<file name="rep12.png" server="ftp.lhrnetwork.com//public_html/LHRNETWORK.COM/" local="128290356000000000" remote="128669323800000000" />
<file name="rep13.png" server="ftp.lhrnetwork.com//public_html/LHRNETWORK.COM/" local="128290356000000000" remote="128669323800000000" />
<file name="rep14.png" server="ftp.lhrnetwork.com//public_html/LHRNETWORK.COM/" local="128290356000000000" remote="128669323800000000" />
<file name="rep15.png" server="ftp.lhrnetwork.com//public_html/LHRNETWORK.COM/" local="128290356000000000" remote="128669323800000000" />
<file name="rep16.png" server="ftp.lhrnetwork.com//public_html/LHRNETWORK.COM/" local="128290356000000000" remote="128669323800000000" />
<file name="rep17.png" server="ftp.lhrnetwork.com//public_html/LHRNETWORK.COM/" local="128290356000000000" remote="128669323800000000" />
<file name="rep18.png" server="ftp.lhrnetwork.com//public_html/LHRNETWORK.COM/" local="128290356000000000" remote="128669323800000000" />
<file name="rep19.png" server="ftp.lhrnetwork.com//public_html/LHRNETWORK.COM/" local="128290356000000000" remote="128669323800000000" />
<file name="rep2.png" server="ftp.lhrnetwork.com//public_html/LHRNETWORK.COM/" local="128290356000000000" remote="128669323800000000" />
<file name="rep20.png" server="ftp.lhrnetwork.com//public_html/LHRNETWORK.COM/" local="128290356000000000" remote="128669323800000000" />
<file name="rep3.png" server="ftp.lhrnetwork.com//public_html/LHRNETWORK.COM/" local="128290356000000000" remote="128669323800000000" />
<file name="rep4.png" server="ftp.lhrnetwork.com//public_html/LHRNETWORK.COM/" local="128290356000000000" remote="128669323800000000" />
<file name="rep5.png" server="ftp.lhrnetwork.com//public_html/LHRNETWORK.COM/" local="128290356000000000" remote="128669323800000000" />
<file name="rep6.png" server="ftp.lhrnetwork.com//public_html/LHRNETWORK.COM/" local="128290356000000000" remote="128669323800000000" />
<file name="rep7.png" server="ftp.lhrnetwork.com//public_html/LHRNETWORK.COM/" local="128290356000000000" remote="128669323800000000" />
<file name="rep8.png" server="ftp.lhrnetwork.com//public_html/LHRNETWORK.COM/" local="128290356000000000" remote="128669323800000000" />
<file name="rep9.png" server="ftp.lhrnetwork.com//public_html/LHRNETWORK.COM/" local="128290356000000000" remote="128669323800000000" />
</dwsync>