<?xml version="1.0" encoding="utf-8" ?>
<dwsync>
<file name="Forumslogo.gif" server="ftp.rdghq.com" local="128655501000000000" remote="128655501000000000" />
<file name="Thumbs.db" server="ftp.rdghq.com" local="128469204000000000" remote="128469204000000000" />
<file name="banner2.png" server="ftp.rdghq.com" local="128655507000000000" remote="128655507000000000" />
<file name="bg.gif" server="ftp.rdghq.com" local="128469204000000000" remote="128469204000000000" />
<file name="center_header_bg.gif" server="ftp.rdghq.com" local="128469204000000000" remote="128469204000000000" />
<file name="content_post_bg.gif" server="ftp.rdghq.com" local="128469204000000000" remote="128469204000000000" />
<file name="content_post_img.gif" server="ftp.rdghq.com" local="128469204000000000" remote="128469204000000000" />
<file name="footerFORUMS.gif" server="ftp.rdghq.com" local="128471796000000000" remote="128471796000000000" />
<file name="footer_z6.gif" server="ftp.rdghq.com" local="128469204000000000" remote="128469204000000000" />
<file name="footerlogoksi.gif" server="ftp.rdghq.com" local="128471796000000000" remote="128471796000000000" />
<file name="logosponsor.gif" server="ftp.rdghq.com" local="128655501000000000" remote="128655501000000000" />
<file name="nav_bg.gif" server="ftp.rdghq.com" local="128469204000000000" remote="128469204000000000" />
<file name="nav_left.gif" server="ftp.rdghq.com" local="128469204000000000" remote="128469204000000000" />
<file name="nav_right.gif" server="ftp.rdghq.com" local="128469204000000000" remote="128469204000000000" />
<file name="search_button.gif" server="ftp.rdghq.com" local="128469204000000000" remote="128469204000000000" />
<file name="search_input.gif" server="ftp.rdghq.com" local="128469204000000000" remote="128469204000000000" />
<file name="search_input_left.gif" server="ftp.rdghq.com" local="128469204000000000" remote="128469204000000000" />
<file name="side_header_bg.gif" server="ftp.rdghq.com" local="128469204000000000" remote="128469204000000000" />
<file name="side_list_bg.gif" server="ftp.rdghq.com" local="128469204000000000" remote="128469204000000000" />
<file name="site_footer.gif" server="ftp.rdghq.com" local="128469204000000000" remote="128469204000000000" />
<file name="banner2.png" server="ftp.lhrnetwork.com//public_html/LHRNETWORK.COM/" local="128655507000000000" remote="128669324400000000" />
<file name="bg.gif" server="ftp.lhrnetwork.com//public_html/LHRNETWORK.COM/" local="128469204000000000" remote="128669324400000000" />
<file name="center_header_bg.gif" server="ftp.lhrnetwork.com//public_html/LHRNETWORK.COM/" local="128469204000000000" remote="128669324400000000" />
<file name="content_post_bg.gif" server="ftp.lhrnetwork.com//public_html/LHRNETWORK.COM/" local="128469204000000000" remote="128669324400000000" />
<file name="content_post_img.gif" server="ftp.lhrnetwork.com//public_html/LHRNETWORK.COM/" local="128469204000000000" remote="128669324400000000" />
<file name="footerFORUMS.gif" server="ftp.lhrnetwork.com//public_html/LHRNETWORK.COM/" local="128471796000000000" remote="128669324400000000" />
<file name="footerlogoksi.gif" server="ftp.lhrnetwork.com//public_html/LHRNETWORK.COM/" local="128471796000000000" remote="128669324400000000" />
<file name="footer_z6.gif" server="ftp.lhrnetwork.com//public_html/LHRNETWORK.COM/" local="128469204000000000" remote="128669324400000000" />
<file name="Forumslogo.gif" server="ftp.lhrnetwork.com//public_html/LHRNETWORK.COM/" local="128655501000000000" remote="128669324400000000" />
<file name="logosponsor.gif" server="ftp.lhrnetwork.com//public_html/LHRNETWORK.COM/" local="128655501000000000" remote="128669324400000000" />
<file name="nav_bg.gif" server="ftp.lhrnetwork.com//public_html/LHRNETWORK.COM/" local="128469204000000000" remote="128669324400000000" />
<file name="nav_left.gif" server="ftp.lhrnetwork.com//public_html/LHRNETWORK.COM/" local="128469204000000000" remote="128669324400000000" />
<file name="nav_right.gif" server="ftp.lhrnetwork.com//public_html/LHRNETWORK.COM/" local="128469204000000000" remote="128669324400000000" />
<file name="search_button.gif" server="ftp.lhrnetwork.com//public_html/LHRNETWORK.COM/" local="128469204000000000" remote="128669324400000000" />
<file name="search_input.gif" server="ftp.lhrnetwork.com//public_html/LHRNETWORK.COM/" local="128469204000000000" remote="128669324400000000" />
<file name="search_input_left.gif" server="ftp.lhrnetwork.com//public_html/LHRNETWORK.COM/" local="128469204000000000" remote="128669324400000000" />
<file name="side_header_bg.gif" server="ftp.lhrnetwork.com//public_html/LHRNETWORK.COM/" local="128469204000000000" remote="128669324400000000" />
<file name="side_list_bg.gif" server="ftp.lhrnetwork.com//public_html/LHRNETWORK.COM/" local="128469204000000000" remote="128669324400000000" />
<file name="site_footer.gif" server="ftp.lhrnetwork.com//public_html/LHRNETWORK.COM/" local="128469204000000000" remote="128669324400000000" />
<file name="Thumbs.db" server="ftp.lhrnetwork.com//public_html/LHRNETWORK.COM/" local="128469204000000000" remote="128669324400000000" />
</dwsync>